[
    {
        "name": "Gracious Adjetey",
        "employeeID": "ESCL001",
        "position": "IT Manager",
        "email": "gadjeteyh@easy.com",
        "ext": "1111"
    },

    {
        "name": "Mr Peter",
        "employeeID": "ESCL002",
        "position": "HR Specialist",
        "email": "peter@easy.com",
        "ext": "1112"
    },

    {
        "name": "Foster Mann",
        "employeeID": "ESCL003",
        "position": "Sales Executive",
        "email": "fmann@easy.com",
        "ext": "1113"
    },

    {
        "name": "Saampson Sam",
        "employeeID": "ESCL004",
        "position": "Programmer",
        "email": "ssam@easy.com",
        "ext": "1114"  
    },

    {
        "name": "Martin Martin",
        "employeeID": "ESCL005",
        "position": "Chief driver",
        "email": "mmartin@easy.com",
        "ext": "1115"
    },

    {
        "name": "Prince Kobi",
        "employeeID": "ESCL006",
        "position": "Chief Security",
        "email": "pkobi@easy.com",
        "ext": "1116"
    }

]